{
    "extrinsic": [
        1.0, 0.0, 0.0, 0.0,
        0.0, 1.0, 0.0, 0.0,
        0.0, 0.0, 1.0, 0.0,
        0.0, 0.0, 0.0, 1.0
    ],
    "intrinsic": [
        1770.68994140625,
        0.0,
        685.2999877929688,
        0.0,
        1765.030029296875,
        492.70001220703125,
        0.0,
        0.0,
        1.0
    ]
}